Datetime,Water Level (m)
2025-03-08 18:00:00,0.2249812
2025-03-08 19:00:00,0.14211056
2025-03-08 20:00:00,0.0215771
2025-03-08 21:00:00,-0.10248605
2025-03-08 22:00:00,-0.22495309
2025-03-08 23:00:00,-0.3387573
2025-03-09 00:00:00,-0.42996618
2025-03-09 01:00:00,-0.47455415
2025-03-09 02:00:00,-0.43141112
2025-03-09 03:00:00,-0.33073252
2025-03-09 04:00:00,-0.2235175
2025-03-09 05:00:00,-0.13039762
2025-03-09 06:00:00,-0.08173327
2025-03-09 07:00:00,-0.10980946
2025-03-09 08:00:00,-0.19285508
2025-03-09 09:00:00,-0.29419935
2025-03-09 10:00:00,-0.39942428
2025-03-09 11:00:00,-0.4955172
2025-03-09 12:00:00,-0.5709787
2025-03-09 13:00:00,-0.57682383
2025-03-09 14:00:00,-0.47262222
2025-03-09 15:00:00,-0.32165146
2025-03-09 16:00:00,-0.14924772
2025-03-09 17:00:00,0.022724546
2025-03-09 18:00:00,0.15757874
2025-03-09 19:00:00,0.20878363
2025-03-09 20:00:00,0.14178471
2025-03-09 21:00:00,0.014439311
2025-03-09 22:00:00,-0.12164207
2025-03-09 23:00:00,-0.26057228
2025-03-10 00:00:00,-0.3923431
2025-03-10 01:00:00,-0.5096662
2025-03-10 02:00:00,-0.59272933
2025-03-10 03:00:00,-0.57415366
2025-03-10 04:00:00,-0.45746803
2025-03-10 05:00:00,-0.3177967
2025-03-10 06:00:00,-0.18236594
2025-03-10 07:00:00,-0.082485884
2025-03-10 08:00:00,-0.07063849
2025-03-10 09:00:00,-0.15098721
2025-03-10 10:00:00,-0.2604782
2025-03-10 11:00:00,-0.37637734
2025-03-10 12:00:00,-0.48789662
2025-03-10 13:00:00,-0.58648574
2025-03-10 14:00:00,-0.6288839
2025-03-10 15:00:00,-0.5381277
2025-03-10 16:00:00,-0.37341717
2025-03-10 17:00:00,-0.17529374
2025-03-10 18:00:00,0.02703043
2025-03-10 19:00:00,0.18891181
2025-03-10 20:00:00,0.25104713
2025-03-10 21:00:00,0.17741281
2025-03-10 22:00:00,0.03947098
2025-03-10 23:00:00,-0.107122436
2025-03-11 00:00:00,-0.2572499
2025-03-11 01:00:00,-0.39780086
2025-03-11 02:00:00,-0.52445245
2025-03-11 03:00:00,-0.6065977
2025-03-11 04:00:00,-0.550035
2025-03-11 05:00:00,-0.39801168
2025-03-11 06:00:00,-0.22150889
2025-03-11 07:00:00,-0.05007078
2025-03-11 08:00:00,0.06446204
2025-03-11 09:00:00,0.062295403
2025-03-11 10:00:00,-0.038552806
2025-03-11 11:00:00,-0.16042583
2025-03-11 12:00:00,-0.29063904
2025-03-11 13:00:00,-0.41860873
2025-03-11 14:00:00,-0.5368536
2025-03-11 15:00:00,-0.59274226
2025-03-11 16:00:00,-0.48771092
2025-03-11 17:00:00,-0.3038771
2025-03-11 18:00:00,-0.08783383
2025-03-11 19:00:00,0.12745894
2025-03-11 20:00:00,0.29202104
2025-03-11 21:00:00,0.33594483
2025-03-11 22:00:00,0.23309512
2025-03-11 23:00:00,0.081598476
2025-03-12 00:00:00,-0.07648657
2025-03-12 01:00:00,-0.23491278
2025-03-12 02:00:00,-0.38212365
2025-03-12 03:00:00,-0.5091475
2025-03-12 04:00:00,-0.55842894
2025-03-12 05:00:00,-0.43340138
2025-03-12 06:00:00,-0.23686033
2025-03-12 07:00:00,-0.023727054
2025-03-12 08:00:00,0.16105124
2025-03-12 09:00:00,0.25785336
2025-03-12 10:00:00,0.2051187
2025-03-12 11:00:00,0.07125502
2025-03-12 12:00:00,-0.07363687
2025-03-12 13:00:00,-0.21831478
2025-03-12 14:00:00,-0.35798135
2025-03-12 15:00:00,-0.47726333
2025-03-12 16:00:00,-0.4957741
2025-03-12 17:00:00,-0.33770323
2025-03-12 18:00:00,-0.11323795
2025-03-12 19:00:00,0.13075037
2025-03-12 20:00:00,0.3656292
2025-03-12 21:00:00,0.52341485
2025-03-12 22:00:00,0.48880965
2025-03-12 23:00:00,0.33004725
2025-03-13 00:00:00,0.15669034
2025-03-13 01:00:00,-0.018907966
2025-03-13 02:00:00,-0.18762791
2025-03-13 03:00:00,-0.34040233
2025-03-13 04:00:00,-0.45065936
2025-03-13 05:00:00,-0.40463123
2025-03-13 06:00:00,-0.21419546
2025-03-13 07:00:00,0.012281724
2025-03-13 08:00:00,0.23270951
2025-03-13 09:00:00,0.39632642
2025-03-13 10:00:00,0.4166268
2025-03-13 11:00:00,0.29548025
2025-03-13 12:00:00,0.14103132
2025-03-13 13:00:00,-0.023770725
2025-03-13 14:00:00,-0.18750155
2025-03-13 15:00:00,-0.33857346
2025-03-13 16:00:00,-0.4455303
2025-03-13 17:00:00,-0.38297918
2025-03-13 18:00:00,-0.17722526
2025-03-13 19:00:00,0.07052698
2025-03-13 20:00:00,0.32803246
2025-03-13 21:00:00,0.54666513
2025-03-13 22:00:00,0.60855
2025-03-13 23:00:00,0.4819424
2025-03-14 00:00:00,0.30258438
2025-03-14 01:00:00,0.12182661
2025-03-14 02:00:00,-0.05798983
2025-03-14 03:00:00,-0.22610658
2025-03-14 04:00:00,-0.3699448
2025-03-14 05:00:00,-0.4254629
2025-03-14 06:00:00,-0.2682267
2025-03-14 07:00:00,-0.033238877
2025-03-14 08:00:00,0.20888095
2025-03-14 09:00:00,0.429951
2025-03-14 10:00:00,0.5467193
2025-03-14 11:00:00,0.46371198
2025-03-14 12:00:00,0.29775056
2025-03-14 13:00:00,0.12443496
2025-03-14 14:00:00,-0.050364222
2025-03-14 15:00:00,-0.2172284
2025-03-14 16:00:00,-0.36325064
2025-03-14 17:00:00,-0.4278648
2025-03-14 18:00:00,-0.27816266
